presa_id,clavesih,nombre_presa,estado_id,latitud,longitud,pred_vol_Base,pred_pct_Base,pred_pct_base_baja,pred_pct_base_alta,pred_vol_Temp_+1C,pred_pct_Temp_+1C,pred_vol_Temp_+2C,pred_pct_Temp_+2C,pred_vol_Temp_+3C,pred_pct_Temp_+3C
1,ABRAG,"Abelardo L. Rodríguez, Ags.",MX-AGU,21.916944,-102.427778,4.468,0.2793023691942239,0.2653372507345127,0.2932674876539351,5.436190606117249,0.33982563,5.42211605900526,0.3389458,5.408053907334804,0.33806676
2,ACHZC,"Achimec, Jal.",MX-JAL,22.327222,-103.225278,0.781,0.1060564910374796,0.10075366648560562,0.1113593155893536,1.1255404497385026,0.15284362,1.1222705413699152,0.15239958,1.1190017303228381,0.1519557
3,AFIGR,"Andrés Figueroa, Gro.",MX-GRO,18.075833,-100.5175,40.83,0.3983414634146341,0.3784243902439024,0.4182585365853658,48.719378635287285,0.475311,48.659899830818176,0.47473073,48.60046073794365,0.47415084
4,AGMNR,"Aguamilpa Solidaridad, Nay.",MX-NAY,21.839167,-104.802222,4313.13,0.7455506848557344,0.7082731506129476,0.7828282190985212,4824.447878744602,0.8339351,4821.605507645607,0.83344376,4818.761067612171,0.8329521
5,AGOMC,"Agostitlán, Mich.",MX-MIC,19.579722,-100.608889,7.595,0.4845295055821371,0.4603030303030302,0.508755980861244,8.878031167387963,0.5663816,8.869510325789452,0.565838,8.86099041849375,0.56529444
6,AGZCH,"Abraham González, Chih.",MX-CHH,28.481667,-107.482778,12.743,0.1605842175567709,0.15255500667893235,0.16861342843460947,15.806930477708582,0.19919513,15.755115967392925,0.19854218,15.703364127814773,0.19789001
7,ALMSI,"Adolfo López Mateos, Sin.",MX-SIN,25.101389,-107.388333,132.449,0.0429108294888376,0.04076528801439572,0.04505637096327948,358.0147042392293,0.11598961,356.9318887344988,0.1156388,355.8499241201512,0.115288265
8,ALRBN,"Abelardo L. Rodríguez, B.C.",MX-BCN,32.444722,-116.908333,39.63,0.5153446033810143,0.48957737321196354,0.541111833550065,44.85862057209015,0.58333707,44.81871119141579,0.5828181,44.77877430915833,0.58229876
9,ANGCP,"Doctor Belisario Domínguez, Chis.",MX-CHP,16.401389,-92.778889,6301.49,0.4784864874715538,0.4545621630979761,0.5024108118451315,7272.810786058903,0.5522411,7265.403798589707,0.55167866,7257.9960261493925,0.55111617
10,ANVAG,"Cincuenta Aniversario, Ags.",MX-AGU,22.188611,-102.464167,3.637,0.8870731707317074,0.842719512195122,0.9314268292682929,3.986759394407272,0.97238034,3.9851015269756314,0.971976,3.9834441483020777,0.97157174
11,AOBSO,"Alvaro Obregón, Son.",MX-SON,27.8225,-109.8925,473.72,0.1566980027388741,0.1488631026019304,0.16453290287581782,598.9623298132421,0.1981259,597.0487682765724,0.19749293,595.1345760637524,0.19685975
12,ARCSO,"Adolfo Ruiz Cortines, Son.",MX-SON,27.226111,-109.106667,8.571,0.0071424999999999,0.006785374999999904,0.007499624999999895,119.13101971149612,0.09927585,118.77541244030165,0.09897951,118.42005550861525,0.09868338
13,ARLSO,"Abelardo Rodríguez Luján, Son.",MX-SON,29.076667,-110.92,0.0,0.0,0.0,0.0,0.0,0.10105771,0.0,0.10076191,0.0,0.100466184
14,BBAJL,"Basilio Vadillo, Jal.",MX-JAL,19.913611,-104.061111,84.939,0.68087374749499,0.6468300601202405,0.7149174348697395,94.51302520930766,0.75761944,94.44472105801104,0.7570719,94.37642434239386,0.75652444
15,BDDPB,"Manuel Avila Camacho, Pue.",MX-PUE,18.9125,-98.108611,147.78,0.491528467939891,0.46695204454289646,0.5161048913368856,171.82232837355136,0.57149523,171.65509543526173,0.570939,171.48789833772182,0.5703829
16,CBRDR,"Caboraca, Dgo.",MX-DUR,24.538333,-104.810278,38.026,0.8450222222222223,0.8027711111111112,0.8872733333333335,41.90225511789322,0.9311612,41.88224583864212,0.9307166,41.86221241950989,0.9302714
17,CCHNL,"Cuchillo Solidaridad, N.L.",MX-NLE,25.711667,-99.276944,1033.21,0.9199273823546956,0.8739310132369608,0.9659237514724305,1141.3924831477407,1.0162486,1140.8945496625902,1.0158052,1140.3968839555982,1.0153621
18,CDOOX,"Miguel de la Madrid Hurtado, Oax.",MX-OAX,17.999167,-96.263611,1623.52,0.6245484725967586,0.5933210489669206,0.6557758962265966,1844.2845184487105,0.7094739,1842.8009404671193,0.7089032,1841.317207542658,0.7083324
19,CDRAG,"La Codorniz, Ags.",MX-AGU,21.9975,-102.676944,3.213,0.5987700140170048,0.5688315133161546,0.628708514717855,3.610146751361829,0.6727817,3.6072170303876816,0.6722357,3.6042898681218087,0.6716902
20,CHICP,"Manuel Moreno Torres, Chis.",MX-CHP,16.941667,-93.100556,180.894,0.878211476842412,0.8343009030002914,0.9221220506845326,204.3301308953762,0.99199015,204.2432071530819,0.99156815,204.15628341078758,0.99114615
21,CHIZC,"El Chique, Zac.",MX-ZAC,21.997222,-102.896111,52.039,0.3746265632445005,0.35589523508227544,0.39335789140672556,60.884216652547806,0.4383029,60.803494483723625,0.4377218,60.72277645471015,0.4371407
22,CHLJL,"Chila, Jal.",MX-JAL,20.489722,-102.944167,0.457,0.5997375328083989,0.5697506561679789,0.6297244094488189,0.5195635353326797,0.6818419,0.5191534949541092,0.6813038,0.5187436362504959,0.6807659
23,CHTSO,"Cuauhtémoc, Son.",MX-SON,30.873333,-111.516389,1.232,0.0297082219376891,0.028222810840804642,0.031193633034573558,4.5192539703430255,0.10897646,4.504889386353651,0.108630076,4.4905470486065004,0.10828423
24,CHUCH,"Chihuahua, Chih.",MX-CHH,28.570556,-106.167778,10.11,0.4323654043866028,0.41074713416727265,0.453983674605933,11.61018361332696,0.49652243,11.596007930835848,0.4959162,11.581827370270924,0.49530974
25,CHYVC,"Paso de Piedras, Ver.",MX-DESC,21.7375,-98.155833,197.242,0.7890626875225026,0.7496095531463774,0.8285158218986278,226.08679667294027,0.9044557,225.97122223615645,0.90399337,225.85572229623796,0.9035313
26,CNPMX,"La Concepción, Méx.",MX-MEX,19.695,-99.304444,9.759,0.8057963834530592,0.7655065642804062,0.8460862026257121,11.002133368670941,0.90844136,10.996705614209176,0.9079932,10.991277137875558,0.907545
27,CNSQT,"Constitución de 1917, Qro.",MX-QUE,20.418611,-100.080278,15.355,0.2323698547215496,0.22075136198547213,0.2439883474576271,17.86144572257996,0.27030033,17.809356746673586,0.26951206,17.757273678779605,0.26872388
28,CNTCL,"El Centenario, Coah.",MX-DESC,29.213611,-100.95,10.801,0.4392614458707954,0.41729837357725563,0.4612245181643352,12.17022834606001,0.49494603,12.154274354222519,0.4942972,12.138183327041054,0.4936428
29,CNTQT,"El Centenario, Qro.",MX-QUE,20.513333,-99.897778,2.89,0.2954708107555465,0.28069727021776913,0.31024435129332384,3.5720055855810644,0.3651984,3.5668140326440336,0.36466762,3.561623645693064,0.36413696
30,COIMC,"Cointzio, Mich.",MX-MIC,19.629722,-101.259167,47.8,0.6976065382370111,0.6627262113251605,0.7324868651488617,53.881752426624296,0.78636533,53.84285536050796,0.78579766,53.803937873840326,0.7852297
31,CPAMC,"Copándaro, Mich.",MX-MIC,20.001667,-102.861389,0.211,0.0766715116279069,0.07283793604651155,0.08050508720930226,0.3741678190231327,0.13596214,0.37308881664276156,0.13557006,0.3720100603103641,0.13517807
32,CPEJL,"Cajón de Peña, Jal.",MX-JAL,19.9975,-105.129722,334.718,0.669436,0.6359642,0.7029078000000001,375.917911529541,0.7518358,375.6486177444458,0.75129724,375.3795027732849,0.750759
33,CPRNL,"José López Portillo, N.L.",MX-NLE,24.9375,-99.399722,317.647,1.0588233333333332,1.0058821666666664,1.1117645,340.09931087493896,1.1336644,339.990770816803,1.1333026,339.88208770751953,1.1329403
34,CRNJL,"Corrinchis, Jal.",MX-JAL,20.479722,-104.780833,7.996,0.3998,0.37981,0.41979,9.651816487312317,0.48259082,9.640413522720337,0.48202068,9.629003405570984,0.48145017
35,CRRBN,"El Carrizo, B.C.",MX-BCN,32.479444,-116.696944,28.271,0.6917975632131541,0.6572076850524964,0.7263874413738118,31.03529801760118,0.75944054,31.01341475913017,0.75890505,30.991502271017392,0.75836885
36,CRTJL,"El Cuarenta, Jal.",MX-JAL,21.497778,-101.7375,13.002,0.4245551020408163,0.4033273469387755,0.44578285714285715,15.126446895301344,0.4939248,15.10877709835768,0.49334782,15.091013293713333,0.49276778
37,CUQJL,"Cuquío, Jal.",MX-JAL,20.948056,-103.039444,4.325,0.5766666666666667,0.5478333333333333,0.6055,4.894798099994659,0.65263975,4.8907627165317535,0.6521017,4.886726886034012,0.6515636
38,DBOMC,"El Bosque, Mich.",MX-MIC,19.387778,-100.421111,94.083,0.4648369565217391,0.44159510869565216,0.4880788043478261,109.39784846305848,0.5405032,109.28872976303101,0.5399641,109.17961106300355,0.53942496
39,DGNMC,"De Gonzalo, Mich.",MX-MIC,20.304444,-102.436944,1.164,0.1317189091320584,0.12513296367545546,0.13830485458866132,1.546570047751069,0.17501076,1.5418271412700415,0.17447405,1.5370860783308744,0.17393754
40,DNXMX,"Danxho, Méx.",MX-MEX,19.884722,-99.559722,20.83,0.6709398956387296,0.6373929008567931,0.704486890420666,23.712345270752905,0.763781,23.694504737138747,0.76320636,23.676671605467796,0.76263195
41,EBLSI,"Lic. Eustaquio Buelna, Sin.",MX-SIN,25.484722,-108.065556,9.98,0.1246253746253746,0.11839410589410586,0.13085664335664332,13.582371875047688,0.16961004,13.540396882295614,0.16908588,13.50064736604691,0.1685895
42,ELCZC,"El Cazadero, Zac.",MX-ZAC,23.693333,-103.098333,15.532,0.7003336639913428,0.6653169807917756,0.73535034719091,17.40596577680111,0.7848303,17.393036157369615,0.7842473,17.380110503673553,0.78366446
43,ELZBN,"Emilio López Zamora, B.C.",MX-BCN,31.890278,-116.6025,2.127,0.7785504802429706,0.739622956230822,0.8174780042551192,2.3184540293724583,0.8486288,2.3171610805961405,0.84815556,2.3158668291006523,0.8476818
44,EPLGJ,"El Palote, Gto.",MX-GUA,21.173611,-101.678889,0.52,0.053925127035155,0.05122887068339725,0.05662138338691275,1.123066125795246,0.11646439,1.1195930926352746,0.11610423,1.1161210653185851,0.11574417
45,ERCTP,"Estudiante Ramiro Caballero Dorantes, Tamps.",MX-TAM,22.605,-98.691667,401.496,0.7125760724687324,0.6769472688452958,0.7482048760921691,456.32707069861885,0.8098904,456.0101066067219,0.80932784,455.693108931005,0.80876523
46,ERECH,"El Rejón, Chih.",MX-CHH,28.614722,-106.119444,1.993,0.3053002450980392,0.29003523284313726,0.32056525735294117,2.36725940322876,0.36263165,2.363770545959473,0.3620972,2.3602824668884277,0.36156288
47,ESTJL,"El Estribón, Jal.",MX-JAL,21.185556,-102.900556,5.048,0.7914707073924653,0.751897172022842,0.8310442427620885,5.670148242318402,0.8890167,5.667309219301744,0.88857156,5.664469435968263,0.8881263
48,EXCZC,"Miguel Alemán, Zac.",MX-ZAC,21.645833,-103.35,26.914,0.4170773283743995,0.3962234619556795,0.4379311947931195,31.4406674605608,0.4872256,31.40291037708521,0.48664048,31.365155216753482,0.4860554
49,FIMCH,"Las Vírgenes, Chih.",MX-CHH,28.166111,-105.628889,38.889,0.1166716668666746,0.11083808352334086,0.12250525021000834,50.207210888266594,0.15062766,50.05583108007911,0.1501735,49.90454067528251,0.14971961
50,FVLDR,"Francisco Villa, Dgo.",MX-DUR,24.001667,-103.960833,59.342,0.8100190863576189,0.7695181320397378,0.8505200406754999,66.1972734214033,0.90359366,66.16472014701297,0.9031493,66.1321144729858,0.90270424
51,FZRDR,"Francisco Zarco, Dgo.",MX-DUR,25.270833,-103.773611,128.165,0.4144515586599405,0.39372898072694346,0.4351741365929375,146.60859000563622,0.47409323,146.41245360016822,0.47345898,146.21624346613885,0.47282448
52,GBESI,"Ing. Guillermo Blake Aguilar, Sin.",MX-SIN,26.103056,-108.3275,59.526,0.2020721167229053,0.19196851088676,0.21217572255905057,71.71736716094614,0.24345799,71.50180493023993,0.24272622,71.28632610106469,0.24199474
53,GDLMX,"Guadalupe, Méx.",MX-MEX,19.635556,-99.252222,42.079,0.739395536812511,0.7024257599718854,0.7763653136531367,47.861409537792206,0.84100175,47.83283448457718,0.84049964,47.80423568665981,0.8399971
54,GDOSI,"Gustavo Díaz Ordaz, Sin.",MX-SIN,25.856667,-107.911111,227.904,0.1407900288555806,0.13375052741280155,0.14782953029835963,294.3549884949625,0.1818408,293.48546496900923,0.18130365,292.6172198703439,0.18076728
55,GLNGJ,"La Golondrina, Gto.",MX-GUA,20.439167,-101.7425,2.886,0.6179871419770829,0.5870877848782288,0.6488864990759371,3.244951073287827,0.6948503,3.2423891058732393,0.6943017,3.2398263033975643,0.69375294
56,GUAMC,"Guaracha, Mich.",MX-MIC,19.979167,-102.541389,7.735,0.2697283537329567,0.2562419360463089,0.28321477141960455,9.698418758332728,0.33819503,9.673745266914368,0.33733463,9.649091432243585,0.33647493
57,GVCDR,"Presidente Guadalupe Victoria, Dgo.",MX-DUR,23.961111,-104.753056,60.241,0.7717268767614656,0.7331405329233922,0.8103132205995389,67.52422246098519,0.86502975,67.48424147844315,0.86451757,67.44422792673112,0.86400497
58,HPNMX,"Huapango, Méx.",MX-MEX,20.046389,-99.696944,27.488,0.2266117065127782,0.2152811211871393,0.2379422918384171,33.32820820212365,0.27475852,33.23266679346562,0.27397087,33.137172380089766,0.2731836
59,HRTJL,"Hurtado, Jal.",MX-JAL,20.466944,-103.651111,10.068,0.44501414427157,0.42276343705799146,0.4672648514851485,11.774930408477783,0.5204619,11.763120285034178,0.5199399,11.751315555572509,0.5194181
60,IALGJ,"Ignacio Allende, Gto.",MX-GUA,20.848056,-100.825833,60.763,0.3557760993032379,0.337987294338076,0.3735649042683998,71.56635948479175,0.41903132,71.4697931689024,0.4184659,71.373298112154,0.41790092
61,IDFQT,"San Ildefonso, Qro.",MX-QUE,20.198611,-99.9625,19.039,0.3982054714297666,0.37829519785827825,0.4181157450012549,22.85911534893513,0.47810414,22.830537381291393,0.47750643,22.80196368837357,0.4769088
62,INFMC,"Infiernillo, Mich.",MX-GRO,18.266667,-101.883333,5515.681,0.5887933841245034,0.5593537149182782,0.6182330533307286,6255.49984375298,0.6677683,6250.642647467852,0.6672498,6245.784334457517,0.6667312
63,IRASO,"Ignacio R. Alatorre, Son.",MX-SON,28.426389,-110.396944,1.088,0.067326733298206,0.0639603966332957,0.0706930699631163,2.150865687432744,0.13309813,2.144620708585987,0.13271168,2.1383810274000083,0.13232556
64,JARMC,"Jaripo, Mich.",MX-MIC,19.958333,-102.601944,5.026,0.8337757133377571,0.7920869276708692,0.8754644990046451,5.5692882921695706,0.92390317,5.566656802415848,0.9234666,5.564025671958923,0.92303014
65,JCQAG,"Jocoque, Ags.",MX-AGU,22.121667,-102.356944,9.624,0.8769020197519118,0.8330569187643162,0.9207471207395075,10.5799963814548,0.96400875,10.57557817806715,0.9636062,10.57113904152753,0.9632017
66,JDMOX,"Presidente Benito Juárez, Oax.",MX-OAX,16.445556,-95.397778,416.101,0.5776637230552659,0.5487805369025026,0.6065469092080292,469.100739430964,0.6512421,468.6984885466099,0.65068364,468.29619472801687,0.65012515
67,JGRSI,"Juan Guerrero Alcocer, Sin.",MX-SIN,24.753611,-107.059444,5.16,0.0943603247750713,0.08964230853631773,0.09907834101382486,7.990598660051825,0.14612316,7.967579818367961,0.14570221,7.945783259332183,0.14530362
68,JLPSI,"José López Portillo, Sin.",MX-SIN,24.571667,-106.807222,155.794,0.0603808246679508,0.057361783434553254,0.06339986590134834,325.5141066484154,0.12615897,324.58751401528724,0.12579985,323.6618056821824,0.12544107
69,JORSI,"Josefa Ortiz de Domínguez, Sin.",MX-SIN,26.426944,-108.7025,48.302,0.0930172546602988,0.08836639192728385,0.09766811739331374,75.26737780332572,0.14494565,75.06095451235777,0.14454813,74.85494906663901,0.14415142
70,JSBCP,"Juan Sabines, Chis.",MX-CHP,15.996389,-92.898611,37.457,0.5496258130458181,0.5221445223935273,0.577107103698109,43.14340814949541,0.6330654,43.1062200210236,0.6325197,43.06906032694823,0.63197446
71,LBCNL,"Rodrigo Gómez, N.L.",MX-NLE,25.428056,-100.128056,31.588,0.799898708533806,0.7599037731071157,0.8398936439604963,35.746199892163276,0.90519625,35.7275249427557,0.90472335,35.70885705471039,0.9042506
72,LBQCH,"La Boquilla, Chih.",MX-CHH,27.544722,-105.414167,417.689,0.1467233154651922,0.13938714969193258,0.15405948123845184,492.84882652670166,0.17312501,491.27613529890795,0.17257257,489.7050136232378,0.17202067
73,LCAVC,"La Cangrejera, Ver.",MX-DESC,18.109444,-94.330833,9.99,0.3500718284666431,0.3325682370433109,0.3675754198899753,11.94538161230456,0.41859275,11.928614618066305,0.4180052,11.911860380861455,0.4174181
74,LCDSO,"Lázaro Cárdenas, Son.",MX-SON,30.437778,-109.378889,61.321,0.0871804708305833,0.08282144728905413,0.09153949437211248,92.34563144850752,0.1312884,92.08017463219034,0.130911,91.81954963931543,0.13054046
75,LCLGR,"La Calera, Gro.",MX-GRO,18.418611,-101.003056,6.615,0.7042478441392526,0.6690354519322899,0.7394602363462153,7.5045347056388865,0.7989497,7.499104001283646,0.79837155,7.49367217719555,0.79779327
76,LCRDR,"Lázaro Cárdenas, Dgo.",MX-DUR,25.594167,-105.015833,735.02,0.2653013344113538,0.2520362676907861,0.2785664011319215,875.4007794192436,0.315971,873.0812069278958,0.31513375,870.7642766007783,0.31429747
77,LDACM,"Laguna de Amela, Col.",MX-COL,18.809167,-103.774167,38.107,0.9938450303836422,0.9441527788644601,1.0435372819028244,40.4975165566206,1.0561906,40.48556380534173,1.0558789,40.473606483221054,1.055567
78,LDCJL,"Lago de Chapala, Jal.",MX-JAL,20.290556,-103.201667,4072.527,0.5011471240067877,0.47608976780644835,0.5262044802071272,4722.741117382049,0.5811596,4718.425849182009,0.5806286,4714.109612238407,0.58009744
79,LDCSI,"Luis Donaldo Colosio, Sin.",MX-SIN,26.844722,-108.367778,111.381,0.0347830839183551,0.033043929722437346,0.036522238114272854,347.4416966062785,0.10850229,346.33153842270383,0.1081556,345.2219289720059,0.10780908
80,LDFMC,"Laguna del Fresno, Mich.",MX-MIC,19.838056,-100.406389,5.208,0.5056801631226333,0.4803961549665016,0.530964171278765,6.00426609313488,0.58299506,5.99858044552803,0.582443,5.992895411789417,0.581891
81,LDYGJ,"Laguna de Yuriria, Gto.",MX-GUA,20.286944,-101.073056,109.628,0.3932278776139746,0.37356648373327583,0.41288927149467336,128.50268016904596,0.46093002,128.33245378822093,0.46031943,128.16177043497567,0.4597072
82,LFGCL,"La Fragua, Coah.",MX-DESC,28.82,-100.832222,44.696,0.9450470817091904,0.8977947276237308,0.99229943579465,49.26943250453228,1.0417472,49.24752322436463,1.041284,49.22559139218445,1.0408202
83,LJSCH,"Las Lajas, Chih.",MX-CHH,29.88,-107.025833,6.054,0.072706748064514,0.0690714106612883,0.07634208546773971,10.272040455200656,0.123364165,10.24111016777867,0.1229927,10.210160028195554,0.122621
84,LLNCH,"El Granero, Chih.",MX-CHH,28.984444,-105.28,162.3,0.5707112264489314,0.5421756651264847,0.599246787771378,179.74482331502438,0.63205415,179.59159090268614,0.6315153,179.4382906883955,0.63097626
85,LNRDR,"Los Naranjos, Dgo.",MX-DUR,24.613056,-103.306944,15.995,0.7642870795107033,0.7260727255351681,0.8025014334862385,17.93745262527466,0.85710305,17.92647420501709,0.85657847,17.915500774383545,0.8560541
86,LOLMC,"Los Olivos, Mich.",MX-MIC,19.210833,-102.865556,4.973,0.4846033873739747,0.4603732180052759,0.5088335567426734,5.696116588413764,0.55506885,5.6906954204017985,0.5545406,5.6852760873784405,0.5540125
87,LREZC,"Gobernador Leobardo Reynoso, Zac.",MX-ZAC,23.18,-103.216944,17.716,0.1850872885694286,0.17583292414095716,0.19434165299790004,20.926249800920488,0.21862626,20.85597912615538,0.21789211,20.787445678025488,0.21717611
88,MALCP,"Nezahualcóyotl, Chis.",MX-CHP,17.178611,-93.598889,4920.32,0.5280792153167357,0.5016752545508989,0.5544831760825726,5661.335887027979,0.6076096,5656.076630468368,0.6070452,5650.807377433776,0.60647964
89,MLPMC,"Malpaís, Mich.",MX-MIC,19.829167,-100.873611,6.858,0.3704624027657735,0.3519392826274848,0.38898552290406224,8.308167900562287,0.44879904,8.29742684173584,0.44821882,8.286681921005249,0.4476384
90,MNLAG,"Media Luna, Ags.",MX-AGU,21.8075,-102.788333,6.441,0.4294,0.40792999999999996,0.45087000000000005,7.448694705963135,0.49657965,7.440252006053925,0.4960168,7.4318137764930725,0.49545425
91,MOCMC,"Melchor Ocampo, Mich.",MX-MIC,20.127222,-101.724444,142.6,0.733335409985622,0.6966686394863408,0.7700021804849031,160.8108153624799,0.82698643,160.7095619662923,0.8264657,160.60825061829829,0.8259447
92,MRGTP,"Marte Rodolfo Gómez, Tamps.",MX-TAM,26.204722,-98.925556,726.441,0.9293091979020084,0.882843738006908,0.9757746577971088,806.3920274734497,1.0315876,806.0249682068825,1.031118,805.6582816839218,1.030649
93,NGRAG,"El Niágara, Ags.",MX-AGU,21.78,-102.371667,15.987,0.987583411579412,0.9382042410004413,1.0369625821583826,17.166235572124382,1.0604297,17.16091908347023,1.0601013,17.155602594816074,1.0597728
94,PAGCH,"Pico del Aguila, Chih.",MX-CHH,26.546389,-105.254167,32.698,0.6773137791034882,0.6434480901483138,0.7111794680586626,36.42659729290009,0.7545488,36.39837502956391,0.7539642,36.370152766227726,0.7533796
95,PAGDR,"Peña del Aguila, Dgo.",MX-DUR,24.203889,-104.656667,18.4,0.65836553599542,0.625447259195649,0.691283812795191,20.646636107683182,0.7387518,20.630909000873565,0.7381891,20.61516523575783,0.7376258
96,PALZC,"Palomas, Zac.",MX-ZAC,22.347778,-102.798056,3.583,0.7755411255411255,0.7367640692640692,0.8143181818181818,4.005446022748948,0.86697966,4.003079463243485,0.8664674,4.000712077617646,0.865955
97,PECAG,"Plutarco Elías Calles, Ags.",MX-AGU,22.141111,-102.417222,53.221,0.1486117820513178,0.14118119294875192,0.1560423711538837,64.99317780397834,0.18148385,64.79602914975585,0.18093334,64.5989391961396,0.180383
98,PECSO,"Plutarco Elías Calles, Son.",MX-SON,28.976667,-109.642222,428.719,0.1513266527124285,0.14376032007680709,0.15889298534804994,529.3714887332918,0.18685436,527.829252625108,0.18631,526.2879452696444,0.18576595
99,PENCP,"Angel Albino Corzo, Chis.",MX-CHP,17.446111,-93.458611,197.434,0.9181225905757506,0.872216461046963,0.9640287201045382,221.45066969931125,1.0298067,221.35130888569356,1.0293447,221.25189680230616,1.0288824
100,PERHD,"La Esperanza, Hgo.",MX-HID,20.0575,-98.334722,3.925,1.0012754907915975,0.9512117162520176,1.0513392653311775,4.261932207720849,1.0872276,4.260560213675695,1.0868776,4.259187752330116,1.0865275
101,PFBMX,"Francisco José Trinidad Fabela, Méx.",MX-MEX,19.829167,-99.790278,4.025,0.405337361530715,0.3850704934541792,0.42560422960725075,4.758108328878881,0.479165,4.752171831429005,0.47856715,4.746233854293824,0.47796917
102,PJMTP,"Pedro José Méndez, Tamps.",MX-TAM,24.2475,-99.555833,31.65,1.0124760002281037,0.9618522002166985,1.063099800239509,34.16538578614013,1.0929426,34.15382251119467,1.0925727,34.14220706549534,1.0922011
103,PMDMX,"Madín, Méx.",MX-MEX,19.526944,-99.260833,7.54,0.8046958377801495,0.764461045891142,0.844930629669157,8.494935254454612,0.90660995,8.490741511583327,0.9061624,8.486547768712043,0.9057148
104,PMHSI,"Miguel Hidalgo, Sin.",MX-SIN,26.509722,-108.58,235.74,0.0761279197062613,0.07232152372094823,0.07993431569157437,414.0731826514007,0.13371736,412.86916336432114,0.13332854,411.66717438608424,0.13294038
105,PMNMX,"El Molino, Méx.",MX-MEX,20.124167,-99.739722,0.302,0.0392922196200884,0.03732760863908398,0.04125683060109282,0.8373419714570061,0.10894379,0.8345938163101688,0.10858624,0.8318478945046679,0.108228974
106,PMOSO,"Ing. Rodolfo Félix Valdés, Son.",MX-SON,29.2125,-110.725556,4.506,0.0371776043299615,0.03531872411346342,0.039036484546459575,13.804070497632047,0.11389309,13.761858581408879,0.113544814,13.719675561994334,0.113196775
107,PNDMX,"Ñadó, Méx.",MX-MEX,20.038611,-99.864444,9.72,0.5785714547448992,0.5496428820076542,0.6075000274821443,11.103056357688947,0.66089624,11.093871902232854,0.66034955,11.084674429122929,0.6598021
108,PNLGJ,"Peñuelitas, Gto.",MX-GUA,21.105,-100.878333,0.964,0.0552119129438717,0.05245131729667811,0.057972508591065286,2.017339809536934,0.11554065,2.011008468568325,0.11517803,2.0046841523051264,0.11481582
109,PRQHD,"Requena, Hgo.",MX-HID,19.963056,-99.310833,36.668,0.7110335466356409,0.6754818693038588,0.746585223967423,41.766053531169895,0.8098905,41.73816176533699,0.80934966,41.71020544946194,0.80880755
110,PRSGJ,"La Purísima, Gto.",MX-GUA,20.867222,-101.287778,33.541,0.3049181818181818,0.2896722727272727,0.3201640909090909,41.385939419269555,0.3762358,41.327793002128594,0.3757072,41.26960724592208,0.37517825
111,PSANL,"Salinillas, N.L.",MX-NLE,27.429167,-100.372222,11.558,0.6079638206590091,0.5775656296260586,0.6383620116919596,12.990120112215768,0.68329495,12.978847596870157,0.682702,12.967584146675607,0.68210953
112,PTRAG,"Derivadora Pabellón, Ags.",MX-AGU,22.235,-102.4375,1.216,0.59666336415948,0.566830195951506,0.626496532367454,1.3696707684080351,0.6720661,1.368552111833228,0.6715172,1.3674334552584206,0.6709683
113,PUCMC,"Pucuato, Mich.",MX-MIC,19.621389,-100.684167,5.979,0.6303637322087507,0.5988455455983132,0.6618819188191883,6.83342400163412,0.72044533,6.828164550065994,0.71989083,6.822911882698535,0.71933705
114,REDJL,"La Red, Jal.",MX-JAL,20.718889,-102.815278,11.661,0.8183157894736842,0.7774,0.8592315789473685,12.924214124679565,0.9069624,12.917996764183044,0.9065261,12.911779403686523,0.9060898
115,RMEGR,"Revolución Mexicana, Gro.",MX-GRO,16.823611,-99.166111,107.585,0.8491720207744644,0.8067134197357412,0.8916306218131876,119.48858202028275,0.9431274,119.43350100827217,0.94269264,119.37838979005814,0.94225764
116,RODMR,"El Rodeo, Mor.",MX-MOR,18.765278,-99.331389,4.506,0.1669878492899824,0.15863845682548328,0.1753372417544815,5.251114829024795,0.19460106,5.233947471699557,0.19396485,5.217508706749852,0.19335565
117,RSPTP,"República Española, Tamps.",MX-TAM,23.259444,-97.991944,53.146,0.9701716170793973,0.9216630362254273,1.018680197933367,58.21769739194642,1.0627546,58.19844611254423,1.0624032,58.179207893711514,1.062052
118,SABMC,"Sabaneta, Mich.",MX-MIC,19.622778,-100.669444,4.994,0.990283561372199,0.940769383303589,1.0397977394408089,5.397025644779205,1.0702014,5.395376027584076,1.0698743,5.3937282139062885,1.0695475
119,SBBMX,"José Antonio Alzate, Méx.",MX-MEX,19.465833,-99.704722,10.671,0.3021918871320851,0.28708229277548086,0.31730148148868936,13.105417012761363,0.3711321,13.086717279361089,0.37060255,13.06802701737736,0.37007326
120,SBYDR,"Santiago Bayacora, Dgo.",MX-DUR,23.874444,-104.675833,107.17,0.8240866947323,0.782882359995685,0.865291029468915,119.04640456650723,0.91541064,118.98872636140925,0.9149671,118.93104040490621,0.91452354
121,SELDR,"Santa Elena, Dgo.",MX-DUR,23.623056,-104.054444,9.51,0.6306366047745358,0.5991047745358089,0.6621684350132626,10.71881444454193,0.7107967,10.71042648792267,0.7102405,10.70203403711319,0.70968395
122,SGBDR,"San Gabriel, Dgo.",MX-DUR,26.436667,-105.560833,51.06,0.2080421790303932,0.19764007007887355,0.21844428798191287,60.72655627006404,0.24742822,60.54094936319031,0.24667197,60.35539731441993,0.24591595
123,SJATL,"San José Atlanga, Tlax.",MX-TLA,19.556111,-98.200556,21.121,0.4954492141684259,0.4706767534600046,0.5202216748768472,24.304143472909928,0.5701183,24.280131533145905,0.56955504,24.25613229811192,0.5689921
124,SJUMC,"San Juanico, Mich.",MX-MIC,19.839444,-102.651389,33.677,0.5562309026344041,0.5284193575026839,0.5840424477661244,38.357854596972466,0.6335429,38.32702854156494,0.63303375,38.296206094920635,0.63252467
125,SLSGJ,"Solís, Gto.",MX-GUA,20.055278,-100.669722,529.338,0.6616725,0.6285888749999999,0.6947561250000001,599.2955207824707,0.7491194,598.8423824310303,0.748553,598.3892917633057,0.7479866
126,SLTSI,"Ing. Aurelio Benassini Vizcaíno, Sin.",MX-SIN,24.121944,-106.695833,78.807,0.1951151275068086,0.18535937113146816,0.20487088388214902,97.91602712720633,0.24242641,97.62089406847954,0.2416957,97.32601980865003,0.24096563
127,SMGCL,"San Miguel, Coah.",MX-DESC,29.034167,-100.953889,16.885,0.7976663162460512,0.7577830004337486,0.8375496320583539,19.083638691818734,0.9015325,19.073378457339807,0.90104777,19.06312074628303,0.9005632
128,SNLSI,"Sanalona, Sin.",MX-SIN,24.815,-107.151389,40.87,0.0594051059030099,0.0564348506078594,0.0623753611981604,86.08243165105586,0.125122,85.8362495693863,0.12476417,85.59015975409751,0.12440647
129,SOLPB,"La Soledad, Pue.",MX-PUE,19.960833,-97.446667,6.575,0.4730215827338129,0.4493705035971222,0.4966726618705036,7.6242693245410935,0.5485086,7.616465640068055,0.54794717,7.608661955595018,0.54738575
130,SRSJL,"Manuel M. Diéguez, Jal.",MX-JAL,20.908889,-103.705556,330.67,0.8406294488509254,0.798597976408379,0.8826609212934717,365.3693626499176,0.9288422,365.19745596885684,0.92840517,365.0254555034638,0.9279679
131,STRZC,"Santa Rosa, Zac.",MX-ZAC,22.923611,-103.108889,1.874,0.1788850735405176,0.16994081986349172,0.1878293272175435,2.224151107398705,0.2123092,2.2168529069098373,0.21161254,2.2095561113620286,0.21091601
132,TCTJL,"Tacotán, Jal.",MX-JAL,20.036111,-104.320278,105.274,0.7054054310779936,0.6701351595240939,0.7406757026318933,118.98208613739911,0.7972587,118.89803409349138,0.7966955,118.81391088688375,0.7961318
133,TEMOX,"Presidente Alemán, Oax.",MX-OAX,18.232222,-96.412222,4608.52,0.5676153362014709,0.5392345693913972,0.5959961030115445,5289.334412280322,0.6514689,5284.835748101474,0.6509148,5280.337083922625,0.6503607
134,TENJL,"Tenasco, Jal.",MX-JAL,22.171944,-103.198611,3.358,0.3201143946615825,0.30410867492850335,0.3361201143946616,4.089490136802197,0.38984653,4.08395727545023,0.3893191,4.0784247267246245,0.38879168
135,TEPMC,"Tepuxtepec, Mich.",MX-MIC,20.000278,-100.229167,301.922,0.6709825099451074,0.637433384447852,0.7045316354423629,345.2026320487261,0.7671681,344.944996227622,0.76659554,344.687279945612,0.7660228
136,TMLJL,"Ramón Corona Madrigal General, Jal.",MX-JAL,19.976111,-104.370278,157.366,0.629464,0.5979908,0.6609372,177.14425921440125,0.70857704,177.01099812984467,0.708044,176.87787115573883,0.7075115
137,TMUMC,"Tercer Mundo, Mich.",MX-MIC,19.766389,-100.299167,3.1,0.207053164250175,0.19670050603766626,0.21740582246268375,3.786320731946335,0.25289345,3.775022938467417,0.25213885,3.763738977200104,0.25138518
138,TNTCH,"El Tintero, Chih.",MX-CHH,29.5625,-107.384167,11.881,0.0949910077511263,0.09024145736356998,0.09974055813868263,17.19048226784227,0.1374414,17.139692870773622,0.13703533,17.088910928755734,0.13662931
139,TPTMX,"San Andrés Tepetitlán, Méx.",MX-MEX,19.660833,-99.961389,42.581,0.7100857199752241,0.6745814339764629,0.7455900059739853,48.544594949561386,0.8095353,48.51210499792912,0.8089935,48.479422036683204,0.8084485
140,TRJCM,"Solidaridad, Jal.",MX-JAL,18.967222,-103.396667,126.198,0.6204790843117588,0.5894551300961708,0.6515030385273468,142.19577959918976,0.69913554,142.08765572619438,0.6986039,141.9795197303295,0.69807225
141,TXMHD,"Taxhimay, Méx.",MX-MEX,19.834722,-99.385278,38.759,0.9710627849877236,0.9225096457383374,1.01961592423711,42.174244787454604,1.0566279,42.16108858680725,1.0562983,42.1479323861599,1.0559686
142,UREMC,"Urepetiro, Mich.",MX-MIC,19.962222,-102.137778,5.325,0.6429606375271674,0.610812605650809,0.6751086694035258,6.026932795763016,0.72771466,6.02236904156208,0.7271636,6.017804300069809,0.72661245
143,VBRMX,"Valle de Bravo, Méx.",MX-MEX,19.2075,-100.18,253.762,0.6434290930297422,0.611257638378255,0.6756005476812293,286.2733827280998,0.7258637,286.05285909712313,0.72530454,285.83231195867063,0.72474533
144,VCRCL,"Venustiano Carranza, Coah.",MX-DESC,27.515,-100.616111,153.815,0.1759695686992335,0.16717109026427182,0.18476804713419517,158.9031158939004,0.18179055,158.3880120664835,0.18120125,157.87339016795158,0.1806125
145,VCVJL,"Vicente C. Villaseñor, Jal.",MX-JAL,19.939722,-102.941667,10.316,0.7144044529120409,0.6786842302664389,0.750124675557643,11.588551663459468,0.8025313,11.580258044544811,0.80195695,11.571961843557018,0.8013824
146,VEGJL,"Ing. Santiago Camarena, Jal.",MX-JAL,20.596389,-103.845833,25.093,0.5698421729414404,0.5413500642943683,0.5983342815885124,28.491813541156315,0.64702654,28.468571906568563,0.64649874,28.445346020123957,0.6459713
147,VGRGR,"Vicente Guerrero, Gro.",MX-GRO,18.382778,-100.265833,151.17,0.6059160687803118,0.5756202653412962,0.6362118722193274,169.51395196139813,0.67944187,169.37841982901097,0.67889863,169.24296205043794,0.6783557
148,VGRTP,"Vicente Guerrero, Tamps.",MX-TAM,23.959444,-98.666389,2307.54,0.590059554707737,0.5605565769723501,0.6195625324431239,2585.4288363605738,0.6611183,2583.174804922938,0.66054195,2580.9212396758794,0.6599657
149,VHGDR,"Villa Hidalgo, Dgo.",MX-DUR,26.2425,-104.928889,8.737,0.3785528596187175,0.3596252166377816,0.3974805025996534,10.179798393249513,0.4410658,10.166133811473847,0.44047374,10.152471981048585,0.4398818
150,VTRGR,"Valerio Trujano, Gro.",MX-GRO,18.295833,-99.466111,13.21,0.4259366737602373,0.4046398400722254,0.4472335074482492,15.56135375225544,0.50175256,15.54385695719719,0.5011884,15.526352767825129,0.500624
151,VVCMX,"Villa Victoria, Méx.",MX-MEX,19.461667,-100.055556,68.426,0.3684304044194849,0.3500088841985106,0.38685192464045914,81.98917290219667,0.44145945,81.88079805800321,0.44087592,81.77242321380974,0.4402924
152,AMEMC,"Aristeo Mercado, Mich.",MX-MIC,19.926111,-101.661111,5.201,0.2052162247474747,0.19495541351010096,0.21547703598484844,6.530163024902345,0.2576611,6.510930564880372,0.25690225,6.4917117004394544,0.25614393
153,ENDHD,"Endhó, Hgo.",MX-HID,20.163889,-99.36,114.0,0.6232914160743576,0.5921268452706396,0.6544559868780755,129.39595771431922,0.70746833,129.2930021584034,0.7069054,129.19000299572946,0.7063423
154,PRGHD,"Javier Rojo Gómez, Hgo.",MX-HID,20.359722,-99.329444,18.928,0.4733183295823956,0.4496524131032758,0.4969842460615154,21.939680296182633,0.54862916,21.91761063873768,0.5480773,21.89554813206196,0.5475256
155,PVAHD,"Vicente Aguirre, Hgo.",MX-HID,20.435556,-99.375833,5.229,0.2937805494690713,0.2790915219956177,0.30846957694252486,6.421713664323091,0.3607907,6.410203396439552,0.36014402,6.397746272563934,0.35944414
156,PIRMX,"Ignacio Ramírez, Méx.",MX-MEX,19.461667,-99.775,13.641,0.6743956098284472,0.6406758293370247,0.7081153903198696,15.467938851296902,0.7647174,15.456341962218286,0.76414406,15.444743867516518,0.76357067
157,VILMC,"José María Morelos y Pavón, Mich.",MX-MIC,18.048333,-102.180278,522.465,0.9570182990493288,0.9091673840968623,1.0048692140017952,560.4680748319626,1.0266299,560.2388633275032,1.0262101,560.0096518230438,1.0257902
158,ZMPHD,"Ing. Fernando Hiriart Balderrama, Hgo.",MX-HID,20.663333,-99.501111,1192.357,0.8578107913669064,0.8149202517985611,0.9007013309352517,1334.1677403450012,0.9598329,1333.5915982723236,0.9594184,1333.0155390501022,0.959004
159,CILAAMSMX,"Internacional La Amistad, Coah.",MX-DESC,29.446944,-101.057222,241.288,0.1363470949221884,0.129529740176079,0.14316444966829783,257.3214898934961,0.1454073,256.5391186922789,0.1449652,255.7579341405631,0.14452377
160,CILAFLCMX,"Internacional Falcón, Tamps.",MX-TAM,26.560278,-99.170556,112.788,0.083445913452646,0.0792736177800137,0.0876182091252783,155.9387486676873,0.115370885,155.4141297078879,0.11498275,154.89010490335536,0.11459505
161,CHLMC,"Constitución de Apatzingán, Jal.",MX-JAL,19.287778,-102.774167,313.487,0.5313113631388547,0.504745794981912,0.5578769312957975,354.5634772851449,0.60092956,354.24495860803006,0.6003897,353.926791613235,0.5998505
162,ZICMC,"Zicuirán, Mich.",MX-MIC,18.921111,-101.931944,18.56,0.5113793093780106,0.48581034390911004,0.5369482748469111,21.173622883901327,0.58339185,21.154016978463897,0.58285165,21.134411073026467,0.58231145
163,LDTGR,"Laguna de Tuxpan, Gro.",MX-GRO,18.363333,-99.503056,13.47,0.7633025720243468,0.7251374434231295,0.8014677006255642,15.127746713127822,0.85724187,15.118912282694033,0.85674125,15.110082059632758,0.85624087
164,SLDGJ,"La Soledad, Gto.",MX-GUA,21.04,-101.279722,0.413,0.2224017232094776,0.2112816370490037,0.23352180936995148,0.4880179546773435,0.2627991,0.48657295122742666,0.26202098,0.48512927600741396,0.26124355
165,EGCJL,"Ing. Elías González Chávez, Jal.",MX-JAL,20.681389,-102.976111,55.193,0.6899124999999999,0.6554168749999999,0.724408125,61.84144973754883,0.7730181,61.796441078186035,0.7724555,61.751437187194824,0.77189296
166,LLAQT,"La Llave, Qro.",MX-QUE,20.461944,-99.994722,0.0,0.0,0.0,0.0,0.0,0.086228,0.0,0.08597699,0.0,0.08572605
167,VNTQT,"La Venta, Qro.",MX-QUE,20.498611,-100.190556,0.0,0.0,0.0,0.0,0.0,0.0880812,0.0,0.087829255,0.0,0.087577336
168,BTEZC,"Ramón López Velarde, Zac.",MX-ZAC,22.824167,-102.953333,6.699,0.2554919975701555,0.2427173976916477,0.26826659744866327,7.992742796609314,0.30483383,7.971016281887944,0.3040052,7.949299144169042,0.30317694
169,LCLJL,"La Colonia, Jal.",MX-JAL,20.43,-102.931944,4.04,0.6995670995670995,0.6645887445887445,0.7345454545454545,4.5835278868675235,0.7936845,4.580237174034119,0.79311466,4.5769457727670675,0.7925447
170,LDCVC,"Canseco, Ver.",MX-DESC,18.415833,-95.118333,429.022,0.8701918786256135,0.8266822846943328,0.9137014725568943,482.0610032522678,0.9777717,481.85306592106815,0.97734994,481.64536368012426,0.97692865
171,LLAHD,"La Laguna, Hgo.",MX-HID,20.135556,-98.128333,24.744,0.6088882326886166,0.5784438210541857,0.6393326443230475,28.256472707033154,0.69532144,28.23329938995838,0.6947512,28.21013333952427,0.69418114
172,LREHD,"Los Reyes, Hgo.",MX-HID,20.174722,-98.131944,17.554,0.7304731388623028,0.6939494819191876,0.766996795805418,20.09236737394333,0.836102,20.07966091531515,0.83557326,20.066953024327756,0.83504444
173,NEXPB,"Nexapa, Pue.",MX-PUE,20.168333,-97.984722,12.763,1.02104,0.9699879999999999,1.072092,13.794229924678802,1.1035384,13.789919018745422,1.1031935,13.785606622695923,1.1028485
174,NNEPB,"Necaxa, Pue.",MX-PUE,20.216667,-98.000556,6.484,0.2231629667871278,0.2120048184477714,0.2343211151264842,7.6082751372456565,0.2618577,7.585135518461468,0.26106128,7.562032267749311,0.26026613
175,POLJL,"Ing. Guillermo Lugo Sanabria, Jal.",MX-JAL,20.491111,-102.231944,34.11,0.6600870827285922,0.6270827285921625,0.6930914368650218,38.50536289662123,0.7451449,38.47652112096548,0.74458677,38.447663944959636,0.74402833
176,TAYZC,"Ing. Julián Adame Alatorre, Zac.",MX-ZAC,22.120556,-102.864167,20.846,0.6597253080474044,0.6267390426450341,0.6927115734497746,23.35246300139142,0.7390488,23.334683823013982,0.7384861,23.316912178186705,0.7379237
177,TENPB,"Tenango, Pue.",MX-PUE,20.199444,-97.983333,0.449,0.0157660030197689,0.014977702868780453,0.016554303170757345,2.5895158990994185,0.090927206,2.5821193392276856,0.090667486,2.574733600795278,0.09040815
178,SLZTP,"Lic. Emilio Portes Gil, Tamps.",MX-TAM,22.943889,-98.791389,207.473,0.8990077129733947,0.8540573273247248,0.9439580986220645,229.85763468503953,0.99600327,229.75867718696594,0.9955745,229.65974720001222,0.9951458
179,ECAGR,"Ing. Carlos Ramírez Ulloa, Gro.",MX-GRO,17.947778,-99.995556,917.443,0.8677307077528398,0.8243441723651977,0.9111172431404818,1010.0083125686646,0.9552803,1009.5755583840609,0.954871,1009.1423000442982,0.9544612
180,ESLJL,"El Salto, Jal.",MX-JAL,21.037222,-102.705,62.961,0.7407176470588235,0.7036817647058823,0.7777535294117647,71.39132410287857,0.83989793,71.34971886873245,0.83940846,71.30811363458633,0.838919
181,LOBZC,"Manuel Felgueres, Zac.",MX-ZAC,22.845278,-103.382778,6.163,0.8925416093506535,0.8479145288831208,0.9371686898181862,6.736046574533478,0.9755317,6.733263537620797,0.97512865,6.73048173541837,0.9747258
182,VILZC,"José María Morelos, Zac.",MX-ZAC,21.588889,-103.3375,5.92,0.6564648736326425,0.6236416299510104,0.6892881173142746,6.638158304407986,0.736101,6.633148667724004,0.73554546,6.628137956010692,0.7349898
183,EGLGR,"El Gallo, Gro.",MX-GRO,18.703056,-100.671111,310.48,0.7761243249678494,0.7373181087194569,0.814930541216242,347.2700132910138,0.8680904,347.06790999945974,0.8675852,346.8656874869927,0.8670797
184,TMPTP,"Sistema Lagunario del Río Tamesí, Tamps.",MX-TAM,22.238333,-97.876111,624.0,0.9230769230769232,0.876923076923077,0.9692307692307695,695.6993622779845,1.0291411,695.3885440826415,1.0286813,695.0779676437377,1.0282218
185,MABGJ,"Mariano Abasolo, Gto.",MX-GUA,20.507222,-101.931111,7.39,0.3680462174411076,0.3496439065690522,0.386448528313163,8.751671398311853,0.43586192,8.740108499050141,0.43528605,8.728543206185103,0.43471006
186,YOSOX,"Yosocuta, Oax.",MX-OAX,17.724444,-97.826111,42.252,0.8946766611612248,0.8499428281031635,0.9394104942192861,46.63235680890083,0.98742974,46.61324934267998,0.98702514,46.59415313601494,0.9866208
187,PEMVC,"El Moralillo, Ver.",MX-DESC,21.184444,-97.814444,2.321,0.9284,0.88198,0.97482,2.57164865732193,1.0286595,2.57050484418869,1.0282019,2.5693610310554504,1.0277444
188,APRDR,"Ing. Benjamín Ortega Cantero, Dgo.",MX-DUR,26.226389,-104.493889,7.729,0.2512352099856976,0.2386734494864127,0.26379697048498246,9.173177858114242,0.29817897,9.148168333530425,0.29736602,9.123161559462545,0.29655316
189,RSRNR,"San Rafael, Nay.",MX-NAY,21.780833,-104.8875,21.453,0.8194736238970167,0.7784999427021658,0.8604473050918676,23.823951751768586,0.91004056,23.812657648980615,0.90960914,23.801366666972637,0.90917784
190,SA1JL,"La Sauceda, Jal.",MX-JAL,21.359167,-101.835556,8.187,0.5116875,0.4861031249999999,0.537271875,9.345189094543457,0.5840743,9.336324691772461,0.5835203,9.327459335327148,0.5829662
191,BATQT,"El Batán, Qro.",MX-QUE,20.504167,-100.412222,1.227,0.2118805042307028,0.20128647901916763,0.22247452944223794,1.4373962657451633,0.2482121,1.4329917176067832,0.24745151,1.428591138929129,0.24669161
192,TIESL,"La Muñeca, S.L.P.",MX-SLP,21.629444,-100.548333,16.047,0.6647473073736537,0.631509942004971,0.6979846727423364,18.363510646820068,0.7607088,18.34952928185463,0.76012963,18.335549355745314,0.7595505
193,JLPQT,"Jalpan, Qro.",MX-QUE,21.230278,-99.479722,5.766,0.7100985221674877,0.6745935960591133,0.7456034482758621,6.540107531547545,0.80543196,6.535590939521789,0.80487573,6.531059827804564,0.8043177
194,ELOSL,"Cañada del Lobo, S.L.P.",MX-SLP,22.094722,-100.9675,0.483,0.3882636655948553,0.3688504823151125,0.4076768488745981,0.5647398480176926,0.45397094,0.5639727480411529,0.4533543,0.5632057592868804,0.45273775
195,ELPSL,"Gonzalo N. Santos, S.L.P.",MX-SLP,22.092222,-101.098611,5.642,0.8439790575916232,0.801780104712042,0.8861780104712044,6.296060096323489,0.941819,6.293075653016567,0.9413726,6.290091608166694,0.9409262
196,EPOSL,"El Potosino, S.L.P.",MX-SLP,22.099722,-101.078056,1.416,0.4300030389644857,0.4085028870162614,0.45150319091271,1.6655044216959272,0.50577116,1.6636380132978743,0.5052044,1.6617698383969735,0.50463706
197,SNJSL,"San José, S.L.P.",MX-SLP,22.150278,-101.054444,2.569,0.49186291403408,0.467269768332376,0.516456059735784,2.9307694707512857,0.5611276,2.9278231850266456,0.5605635,2.9248772106170655,0.55999947
198,STEZC,"Independencia Nacional, Zac.",MX-ZAC,22.326667,-103.495833,6.749,0.7358264282599214,0.6990351068469253,0.7726177496729175,7.578251440763474,0.8262376,7.573442722082139,0.82571334,7.568634550094605,0.8251891
199,LBLTP,"Derivadora Las Blancas, Tamps.",MX-TAM,26.408889,-99.233611,28.622,0.3416165377637735,0.3245357108755848,0.35869736465196217,32.791844865560535,0.39138553,32.74363360476494,0.3908101,32.695452307462695,0.39023504
200,IVGSL,"Valentín Gama, S.L.P.",MX-SLP,21.88,-100.820556,4.109,0.4320714932760913,0.4104679186122867,0.45367506793989587,4.783356294777808,0.5029817,4.777870982303078,0.5024049,4.772387370348905,0.5018283
201,LANMC,"Los Angeles, Mich.",MX-MIC,20.248889,-101.626667,0.792,0.0542837559972584,0.05156956819739548,0.056997943797121316,1.7388554598391055,0.11918132,1.7336066886037589,0.11882157,1.728363787382841,0.11846222
202,CLNCH,"Ing. Andrew Weiss, Chih.",MX-CHH,27.576389,-105.382222,24.436,1.0323616358782,0.9807435540842899,1.08397971767211,25.82526713231512,1.0910548,25.81676822043012,1.0906957,25.808272130229014,1.0903368
203,TULJL,"El Tule, Jal.",MX-JAL,20.7425,-102.433056,29.8,0.988391376451078,0.9389718076285241,1.037810945273632,31.994677501916883,1.0611833,31.984922951459883,1.0608598,31.975171995162963,1.0605364
204,CJNNR,"Leonardo Rodríguez Alcaine, Nay.",MX-NAY,21.428333,-104.450833,1809.742,0.7930056569958766,0.7533553741460827,0.8326559398456704,2008.2384783732891,0.87998426,2007.1717660260201,0.87951684,2006.1050536787511,0.8790494
205,PLYJL,"Ing. Alfredo Elías Ayub, Jal.",MX-NAY,21.196944,-104.105833,1782.55,0.7774148247649285,0.7385440835266821,0.8162855660031749,1981.739351067543,0.8642863,1980.597347559929,0.86378825,1979.455617389679,0.8632903
206,PMOZC,"Los Moraleños, Zac.",MX-ZAC,21.711111,-102.903611,14.086,0.6729409516529716,0.639293904070323,0.7065879992356202,15.744227110385893,0.75216067,15.732415660619735,0.7515964,15.720609201431273,0.75103235
207,SGOZC,"Santiago, Zac.",MX-ZAC,24.288611,-103.506111,4.444,0.7167741935483871,0.6809354838709677,0.7526129032258065,5.003984880447388,0.80709434,5.000631594657898,0.8065535,4.997280156612397,0.8060129
208,TGRDR,"El Tigre, Dgo.",MX-DUR,24.563056,-102.785,2.903,0.2073571428571428,0.19698928571428564,0.21772499999999995,3.297443836927415,0.2355317,3.2867918908596048,0.23477085,3.2761422395706186,0.23401016
209,AGCSO,"Agua Caliente, Son.",MX-SON,27.75,-109.887778,16.507,0.4392496008515168,0.417287120808941,0.46121208089409266,19.032509620189664,0.50645316,19.011745352745056,0.5059006,18.990983325242997,0.50534815
210,AURBN,"Las Auras, B.C.",MX-BCN,32.544722,-116.531667,3.016,0.601996007984032,0.5718962075848304,0.6320958083832335,3.344872670173645,0.66763926,3.3422937941551205,0.6671245,3.339714619517326,0.6666097
211,PAZCH,"Piedras Azules, Chih.",MX-CHH,27.249167,-105.211111,6.25,0.7174012855831038,0.6815312213039486,0.753271349862259,7.013575482845306,0.8050477,7.008851112842559,0.8045054,7.0041314163208,0.80396366
212,PTZMC,"Pátzcuaro, Mich.",MX-MIC,19.542778,-101.616944,249.813,0.3863593480795939,0.36704138067561415,0.4056773154835736,297.78486899989844,0.46055236,297.3970866596103,0.45995262,297.00932358896733,0.4593529
